product,LGBM,MLP,RandomForest,Ridge,XGBoost,average,stack
cabbage,0.88294,0.81546,0.90782,0.77687,0.83528,0.88684,0.8452
carrot,0.88633,0.87028,0.91388,0.88179,0.91732,0.91973,0.84926
enoki,0.90697,0.87292,0.95218,0.84358,0.95191,0.9418,0.92913
radish,0.90453,0.92322,0.92553,0.83189,0.90273,0.92322,0.86064
tomato,0.90209,0.911,0.91473,0.87076,0.9079,0.92379,0.88337
